"","X","x","y","z"
"1",1,242.275109723996,0.0230407030841679,5.58218886783479
"2",2,-90.1583127658496,0.200373482491205,-18.0653351044246
"3",3,62.8551676258022,0.00026264060140564,0.016508319026693
"4",4,64.3056254356019,0.00186431101114996,0.119885685578478
"5",5,-101.083372303714,0.00104438925413077,-0.105570387805299
"6",6,49.6733918230611,0.320747544091018,15.9326184339177
"7",7,-88.7689082852277,0.000476129748518368,-0.0422655179780955
"8",8,-62.5241262172493,7.61775152349658e-15,-4.76293257746743e-13
"9",9,-25.9723393467692,0.0200141788250533,-0.519815044191207
"10",10,-20.9904708158359,0.555126245823855,-11.6523612620702
"11",11,89.1544356816332,0.00292331296244052,0.260626317487188
"12",12,63.1430809304594,5.20992646509424e-05,0.00328970808427188
"13",13,25.142427080331,0.243501075513589,6.12220803508258
"14",14,116.317199188561,0.170089384671505,19.7843208366952
"15",15,-83.1515006090689,0.479166962817054,-39.843452000528
"16",16,151.798023345829,0.283103570630891,42.9745624239155
"17",17,151.62318174481,0.0465100009119087,7.05199432121761
"18",18,-65.007273443332,0.365791844367649,-23.7791304501485
"19",19,-86.0656703859851,0.184726536423621,-15.89861319538
"20",20,116.20702548449,0.636839975731984,74.0052792894287
"21",21,-84.5327774924696,0.0100975669163549,-0.853575377355551
"22",22,-16.6139729627995,0.0778471925491145,-1.29335115224083
"23",23,-5.22586993530217,0.0430286712241035,-0.224862239306044
"24",24,70.7748102333424,0.0745117521319292,5.27355511729114
"25",25,10.6367755414666,0.0438347439706415,0.46626033253337
"26",26,45.6171432276915,2.35950361805048e-09,1.07633814490865e-07
"27",27,-8.35861290858183,0.152606661445059,-1.27558001029025
"28",28,76.557616221677,0.547247675293754,41.8959775033441
"29",29,92.4335254734443,0.000819483274982388,0.0757477281731461
"30",30,-103.480378609363,0.407814989696985,-42.2008495364175
"31",31,-80.4720903340246,4.60866615559521e-05,-0.0037086899919242
"32",32,55.7173771914191,0.950161954502071,52.9405320119279
"33",33,-12.8184827603264,0.00128977821819885,-0.0165329998546265
"34",34,-22.315927114665,0.0793400328233874,-1.77054638976184
"35",35,14.8617399408884,0.00186176812630311,0.0276691137233519
"36",36,-14.075867627953,0.30480252567676,-4.29036000409182
"37",37,48.3544202676992,2.28607224270531e-05,0.00110541697986094
"38",38,62.5773888126816,0.908534473440826,56.8537149942315
"39",39,22.4941073228957,0.207387426041331,4.66499501879279
"40",40,-134.703604821079,0.154358922820949,-20.7927033402805
"41",41,112.642649174314,0.00445519312103457,0.501844755736514
"42",42,39.9633951315345,0.147469631363857,5.89338714809555
"43",43,-61.2160081882506,0.0344825145466142,-2.11088189283701
"44",44,-91.1111735832333,0.121636273544447,-11.0824236329258
"45",45,75.2720229570987,2.5547877145713e-05,0.00192304039501725
"46",46,26.1836934568292,0.0211420688796959,0.553577450589126
"47",47,-25.5561244051943,0.164633752178255,-4.20740065196141
"48",48,26.5144862501967,0.184271879215752,4.88587420776396
"49",49,142.271120384361,0.55098188129366,78.388809563132
"50",50,-125.338683376437,0.000353212152744025,-0.0442711461774931
"51",51,33.907824465424,0.459677351285252,15.5866589381114
"52",52,-179.954183194096,0.948110764819746,-170.616498260667
"53",53,163.617458553942,0.0420807197581347,6.88514042094665
"54",54,25.4676270744607,0.125248646408826,3.18978581832097
"55",55,-35.2797444619427,0.0788078486963402,-2.78032076360233
"56",56,-30.9776606597817,0.999811950546831,-30.9718353276342
"57",57,5.8529751474545,0.421614380164537,2.46769848891247
"58",58,-35.4197515158304,0.975359512256639,-34.5469915627317
"59",59,-134.348976615226,0.16549969255592,-22.2347143250224
"60",60,68.0807324988235,1.93490330492324e-06,0.000131729634313569
"61",61,-0.256852183285913,0.94030938101445,-0.241520517477787
"62",62,-64.8014830765114,0.677574638202327,-43.9078414505414
"63",63,-39.9097145278162,0.208571660100338,-8.3240354131972
"64",64,52.8794895374528,0.286889089429147,15.1705486028779
"65",65,68.5749552608694,0.0774238555622816,5.30933743130748
"66",66,-9.75495022562991,1.02792560113566e-06,-1.00273630747291e-05
"67",67,98.5777333979792,0.0393500598751518,3.87903971156723
"68",68,-86.0674268777737,0.239842542643465,-20.6426305011457
"69",69,34.5256108757817,0.386240539929834,13.3351905860693
"70",70,164.2070761738,0.923868248610763,151.705703874183
"71",71,123.583716982398,0.16385028530501,20.2492272866195
"72",72,-100.677947062252,0.595700605423979,-59.9739140178268
"73",73,93.2791643353893,4.64750911921169e-10,4.33515766881168e-08
"74",74,-34.1709547677445,0.000610092421003408,-0.0208474405222512
"75",75,-113.43690160751,0.00133190621849192,-0.151087314657499
"76",76,105.1977639539,0.104486167227821,10.99171115648
"77",77,-65.7134065825779,0.368675760020336,-24.2269401153573
"78",78,-63.7498529872205,0.69276128187415,-44.1634298747155
"79",79,-15.3021622869739,0.931450419320722,-14.2532054787156
"80",80,-109.567965338277,5.98755243091298e-08,-6.5604393721139e-06
"81",81,-30.2609843650767,0.337865042722092,-10.2241287753192
"82",82,28.79882925759,0.000246265379744715,0.00709215462332361
"83",83,-6.12740867241438,0.00893296085358212,-0.0547359018045772
"84",84,19.9702497495955,0.503765082552627,10.0603145137016
"85",85,167.738120935024,1.55829033062842e-05,0.00261384691930828
"86",86,71.5731579808725,5.1446084046352e-06,0.00036821587009468
"87",87,-84.5342746133369,5.06806504531747e-08,-4.28425202299121e-06
"88",88,9.02733056139962,0.000438110820940875,0.00395497120315944
"89",89,154.053930428481,0.0180082832273716,2.77424681144589
"90",90,27.1268596155123,0.153743033138624,4.17056567681451
"91",91,-14.9737710083356,0.00877440404961503,-0.131385916973548
"92",92,82.355883027739,0.000926488668228395,0.0763017923871434
"93",93,109.026530475445,0.010525122776001,1.14751761909547
"94",94,22.697158382485,0.00113853344653371,0.0258414739597321
"95",95,4.97583534698569,0.00619718250335225,0.0308361597519014
"96",96,60.2606346196841,0.0696349761500099,4.19624785452616
"97",97,95.4363037114921,0.000736984284676278,0.070335056022962
"98",98,54.7373150788049,0.012829859741925,0.702272075110623
"99",99,79.1649875593641,0.231920663170314,18.3599964146374
"100",100,-46.6819846064824,0.623747534128159,-29.1177727865021
"101",101,221.849621038336,0.0230407030841679,5.11157124767947
"102",102,84.2404755387115,0.200373482491205,16.8795574504068
"103",103,-46.9390818331026,0.00026264060140564,-0.0123281086820746
"104",104,130.73139477488,0.00186431101114996,0.243723978781801
"105",105,58.6419185284867,0.00104438925413077,0.0612449895527636
"106",106,-54.5471015447851,0.320747544091018,-17.4958488577732
"107",107,3.59064657244348,0.000476129748518368,0.00170961364955585
"108",108,28.1109340795819,7.61775152349658e-15,2.14142110911647e-13
"109",109,69.7891319020146,0.0200141788250533,1.39677216593215
"110",110,-66.52473522005,0.555126245823855,-36.9296265171323
"111",111,76.1540924052938,0.00292331296244052,0.222622245471289
"112",112,85.4172101223088,5.20992646509424e-05,0.00445017383590732
"113",113,81.8354950443417,0.243501075513589,19.9270310584842
"114",114,-7.33741134021209,0.170089384671505,-1.2480157799384
"115",115,45.2049020567848,0.479166962817054,21.660695622992
"116",116,84.3629978346471,0.283103570630891,23.8834659161147
"117",117,64.5142860170128,0.0465100009119087,3.0005595014824
"118",118,73.6673300566951,0.365791844367649,26.9469085310788
"119",119,115.305885405943,0.184726536423621,21.3000568402988
"120",120,14.0793868148752,0.636839975731984,8.96631635750634
"121",121,-18.8535335484386,0.0100975669163549,-0.190374816615101
"122",122,35.2555202925658,0.0778471925491145,2.74454327663458
"123",123,21.7418919739162,0.0430286712241035,0.935524721535615
"124",124,98.5293979023059,0.0745117521319292,7.34159807420484
"125",125,146.20064699188,0.0438347439706415,6.4086679292312
"126",126,-29.8868064280698,2.35950361805048e-09,-7.0518027899005e-08
"127",127,-74.3912025801359,0.152606661445059,-11.3525930666376
"128",128,52.1589439982161,0.547247675293754,28.5438608488009
"129",129,66.7592354799447,0.000819483274982388,0.0547080769264255
"130",130,-171.24324585139,0.407814989696985,-69.8355625425629
"131",131,-68.6223984903546,4.60866615559521e-05,-0.00316257725438265
"132",132,-100.668850338787,0.950161954502071,-95.6517115953783
"133",133,119.762112115313,0.00128977821819885,0.154466563571819
"134",134,-101.365785174305,0.0793400328233874,-8.0423647228978
"135",135,103.92214887277,0.00186176812630311,0.19347894438825
"136",136,-64.7898230720191,0.30480252567676,-19.7481017105018
"137",137,116.042473813989,2.28607224270531e-05,0.00265281478361018
"138",138,212.425162637344,0.908534473440826,192.995583282301
"139",139,38.5415706341485,0.207387426041331,7.99303712940621
"140",140,-38.0316147680962,0.154358922820949,-5.87051908874463
"141",141,122.982946603678,0.00445519312103457,0.547912777713268
"142",142,13.0734916167054,0.147469631363857,1.92794298935402
"143",143,-15.56786047346,0.0344825145466142,-0.536818975235745
"144",144,-2.57651760513326,0.121636273544447,-0.313398000210073
"145",145,-8.84042459577669,2.5547877145713e-05,-0.000225854081488842
"146",146,-41.3096979245895,0.0211420688796959,-0.873372478921102
"147",147,-31.4306369685775,0.164633752178255,-5.17454369748949
"148",148,72.2655450265442,0.184271879215752,13.3165077845918
"149",149,113.421269542039,0.55098188129366,62.4930644709879
"150",150,80.0771714942228,0.000353212152744025,0.0282842301291269
"151",151,47.9561533505636,0.459677351285252,22.0443575500164
"152",152,-39.1627196058824,0.948110764819746,-37.1305960379544
"153",153,2.40622406830308,0.0420807197581347,0.101255640693541
"154",154,21.0294537662252,0.125248646408826,2.63391061893669
"155",155,75.8653954913672,0.0788078486963402,5.97878860917168
"156",156,30.5509474109024,0.999811950546831,30.545202321948
"157",157,9.07985878164057,0.421614380164537,3.82819903220292
"158",158,-6.32333112473556,0.975359512256639,-6.1675211616593
"159",159,65.2928123505967,0.16549969255592,10.8059403701351
"160",160,79.1322493731756,1.93490330492324e-06,0.000153113250838167
"161",161,45.016125946786,0.94030938101445,42.3290855246909
"162",162,-47.4762804337678,0.677574638202327,-32.1687235381024
"163",163,24.6468700774177,0.208571660100338,5.14063860832436
"164",164,-10.9382708249786,0.286889089429147,-3.13807055690752
"165",165,7.05805457536285,0.0774238555622816,0.546461797993594
"166",166,-9.90178131372326,1.02792560113566e-06,-1.01782945092228e-05
"167",167,-20.3989077534644,0.0393500598751518,-0.802698241486522
"168",168,-28.9137978557347,0.239842542643465,-6.93475879519858
"169",169,-52.2075954586336,0.386240539929834,-20.164689858381
"170",170,-125.029269867894,0.923868248610763,-115.510572577934
"171",171,-67.9614582371256,0.16385028530501,-11.1355043218976
"172",172,135.525132933612,0.595700605423979,80.7324037387179
"173",173,-6.15302914760651,4.64750911921169e-10,-2.85962590742766e-09
"174",174,88.8631861398264,0.000610092421003408,0.0542147563701232
"175",175,2.97840284779482,0.00133190621849192,0.00396695327415196
"176",176,6.50701290896953,0.104486167227821,0.67989283896018
"177",177,98.9382684972588,0.368675760020336,36.476141333323
"178",178,-23.5622875244139,0.69276128187415,-16.3230405093003
"179",179,98.1110105443748,0.931450419320722,91.3855419115377
"180",180,-5.84623292276479,5.98755243091298e-08,-3.50046261483838e-07
"181",181,19.6707545793877,0.337865042722092,6.64606033634061
"182",182,8.96493925949495,0.000246265379744715,0.00220775417112783
"183",183,28.3307947480512,0.00893296085358212,0.253077880435211
"184",184,-153.972595247997,0.503765082552627,-77.5660171559494
"185",185,34.7646003837991,1.55829033062842e-05,0.000541733406262352
"186",186,23.5044156988529,5.1446084046352e-06,0.000120921014550358
"187",187,-50.8404824445062,5.06806504531747e-08,-2.57662871964078e-06
"188",188,-72.2574176243489,0.000438110820940875,-0.0316567565544711
"189",189,23.0248757377611,0.0180082832273716,0.414638483560639
"190",190,54.8534536492873,0.153743033138624,8.43333634217035
"191",191,-53.4236651254623,0.00877440404961503,-0.468760823622134
"192",192,154.330500146164,0.000926488668228395,0.142985459547442
"193",193,-25.6323237886327,0.010525122776001,-0.26978335490957
"194",194,-38.9952892555035,0.00113853344653371,-0.0443974410746473
"195",195,54.0443655692542,0.00619718250335225,0.334922796710555
"196",196,47.3958038558156,0.0696349761500099,3.30040567111027
"197",197,-86.7708078863998,0.000736984284676278,-0.0639487217809411
"198",198,17.6380587111441,0.012829859741925,0.226293819383817
"199",199,115.134449713451,0.231920663170314,26.7020579312927
"200",200,-34.0668234374515,0.623747534128159,-21.2490971146897
"201",201,-71.0235893251488,0.0230407030841679,-1.63643343361263
"202",202,-8.47600103639433,0.200373482491205,-1.69836584526139
"203",203,129.354681918207,0.00026264060140564,0.0339737914536332
"204",204,88.9660743581112,0.00186431101114996,0.165860432044613
"205",205,-21.4211304882195,0.00104438925413077,-0.0223719984932295
"206",206,-81.7891450108549,0.320747544091018,-26.2336673955358
"207",207,-41.0533433608319,0.000476129748518368,-0.0195467180502311
"208",208,26.2885173824658,7.61775152349658e-15,2.00259393340745e-13
"209",209,-12.0908521455749,0.0200141788250533,-0.241988476988815
"210",210,73.4378967925917,0.555126245823855,40.7673039476712
"211",211,-62.6819719773578,0.00292331296244052,-0.183239021192743
"212",212,5.63235002559082,5.20992646509424e-05,0.000293441294589998
"213",213,-42.8801008082191,0.243501075513589,-10.4413506649325
"214",214,-72.7176802740941,0.170089384671505,-12.3685054925599
"215",215,87.2254107744893,0.479166962817054,41.795535161282
"216",216,53.8844874142398,0.283103570630891,15.2548907885866
"217",217,-54.1043723038684,0.0465100009119087,-2.51639440519117
"218",218,-176.717401880366,0.365791844367649,-64.6417843656781
"219",219,-145.446930104899,0.184726536423621,-26.8679076317265
"220",220,-49.2400333417973,0.636839975731984,-31.3580216384323
"221",221,88.7535424596198,0.0100975669163549,0.896194834049557
"222",222,-31.7199559265643,0.0778471925491145,-2.46930951666468
"223",223,145.598105982855,0.0430286712241035,6.26489303318844
"224",224,8.72471851809564,0.0745117521319292,0.650094063641195
"225",225,189.588381133711,0.0438347439706415,8.31055814680462
"226",226,-68.4201468269089,2.35950361805048e-09,-1.61437583985637e-07
"227",227,75.7325574361104,0.152606661445059,11.557292753021
"228",228,-21.7229942954826,0.547247675293754,-11.8878581286223
"229",229,192.832425037422,0.000819483274982388,0.158022947192462
"230",230,99.3726489504381,0.407814989696985,40.525655807885
"231",231,-86.2760360750486,4.60866615559521e-05,-0.00397617447497988
"232",232,58.0787565936516,0.950161954502071,55.184224880074
"233",233,3.30374888982635,0.00128977821819885,0.00426110335649666
"234",234,100.596740314459,0.0793400328233874,7.98134867847496
"235",235,-24.383310378398,0.00186176812630311,-0.0453960700762572
"236",236,103.947805691486,0.30480252567676,31.683553713322
"237",237,-92.7253624022413,2.28607224270531e-05,-0.00211976877182554
"238",238,-47.8930567781905,0.908534473440826,-43.5124931214449
"239",239,59.9372127674053,0.207387426041331,12.4302242799238
"240",240,-61.2080139941881,0.154358922820949,-9.44800310815245
"241",241,21.3714447549759,0.00445519312103457,0.095213913658939
"242",242,-45.6428540855904,0.147469631363857,-6.73093486639633
"243",243,-57.4131849278561,0.0344825145466142,-1.97975098444225
"244",244,-17.7996041221226,0.121636273544447,-2.16507751598137
"245",245,4.95894289067189,2.5547877145713e-05,0.000126690463743492
"246",246,96.7599234488166,0.0211420688796959,2.04570496634898
"247",247,122.958113965965,0.164633752178255,20.2430556629783
"248",248,78.5728567242136,0.184271879215752,14.4787679639209
"249",249,38.6348317693668,0.55098188129366,21.2870922917498
"250",250,-44.5833891734377,0.000353212152744025,-0.0157473948665746
"251",251,67.0546672607229,0.459677351285252,30.823511837723
"252",252,-6.67053931088116,0.948110764819746,-6.32441012779972
"253",253,-7.35084943676447,0.0420807197581347,-0.309329035132728
"254",254,54.6210253653607,0.125248646408826,6.84120949247358
"255",255,92.6206908515911,0.0788078486963402,7.29923739078269
"256",256,50.262506599719,0.999811950546831,50.253054762838
"257",257,123.537021056476,0.421614380164537,52.0849845600995
"258",258,-105.971555263556,0.975359512256639,-103.360364454939
"259",259,28.796543209999,0.16549969255592,4.7658190479281
"260",260,133.967366697664,1.93490330492324e-06,0.000259213900575174
"261",261,42.6892115670048,0.94030938101445,40.1410661045652
"262",262,35.8771616685155,0.677574638202327,24.3094548372708
"263",263,15.7707288657576,0.208571660100338,3.28932710052338
"264",264,56.2629597090113,0.286889089429147,16.141229279507
"265",265,-41.7027378095476,0.0774238555622816,-3.22878674871811
"266",266,50.3430829683306,1.02792560113566e-06,5.17489438232436e-05
"267",267,-98.4099119745647,0.0393500598751518,-3.87243592850754
"268",268,59.7255888325347,0.239842542643465,14.3247370864733
"269",269,-140.913259787752,0.386240539929834,-54.4264135436943
"270",270,173.364319233224,0.923868248610763,160.165789981596
"271",271,13.3004195274756,0.16385028530501,2.1792775342532
"272",272,-115.952963681351,0.595700605423979,-69.0732506656854
"273",273,62.5423205912927,4.64750911921169e-10,2.90666005284694e-08
"274",274,-11.4733172534689,0.000610092421003408,-0.00699978390010901
"275",275,99.3167859288838,0.00133190621849192,0.132280644779311
"276",276,-31.906609706215,0.104486167227821,-3.3337993574364
"277",277,-23.8835688189682,0.368675760020336,-8.8052928863311
"278",278,-148.333053107751,0.69276128187415,-102.759396015232
"279",279,34.8751938100373,0.931450419320722,32.4845138982507
"280",280,104.50892827608,5.98755243091298e-08,6.25752687551553e-06
"281",281,68.6745418222109,0.337865042722092,23.2027270066814
"282",282,73.1232909608375,0.000246265379744715,0.0180077350166539
"283",283,6.79627372591834,0.00893296085358212,0.0607108471438572
"284",284,66.308112985237,0.503765082552627,33.4037120119168
"285",285,46.7659665903181,1.55829033062842e-05,0.000728749535401844
"286",286,-5.67098825126518,5.1446084046352e-06,-2.91750138200463e-05
"287",287,-77.3167331784032,5.06806504531747e-08,-3.91846232839603e-06
"288",288,-42.9746629156614,0.000438110820940875,-0.0188276648496378
"289",289,-0.128952277756778,0.0180082832273716,-0.00232220914065875
"290",290,-173.277356613244,0.153743033138624,-26.6401863799631
"291",291,-84.0718552872233,0.00877440404961503,-0.737680427490861
"292",292,56.0020186531866,0.000926488668228395,0.0518852356800926
"293",293,-182.024188351815,0.010525122776001,-1.91582693060478
"294",294,-139.878277892769,0.00113853344653371,-0.159256097824454
"295",295,24.7014683126199,0.00619718250335225,0.153079507234078
"296",296,88.9327824841365,0.0696349761500099,6.19283218723686
"297",297,-65.8910426472335,0.000736984284676278,-0.0485606629319455
"298",298,-116.767993855805,0.012829859741925,-1.49811698351594
"299",299,169.302455624771,0.231920663170314,39.2647377848595
"300",300,-46.3887145069353,0.623747534128159,-28.934846285076
"301",301,-13.8578892411836,0.0230407030841679,-0.319295511379396
"302",302,-243.013516029071,0.200373482491205,-48.6934644991772
"303",303,-125.963159012535,0.00026264060140564,-0.0330830398380065
"304",304,-71.2099128421281,0.00186431101114996,-0.132757424614608
"305",305,-136.660509270841,0.00104438925413077,-0.142726767346505
"306",306,47.7551807381102,0.320747544091018,15.3173569393715
"307",307,-155.060436687656,0.000476129748518368,-0.073828886725242
"308",308,-145.397982116858,7.61775152349658e-15,-1.10760569978402e-12
"309",309,56.8997492282732,0.0200141788250533,1.13880175615535
"310",310,100.455099248656,0.555126245823855,55.7652621197692
"311",311,153.562228806895,0.00292331296244052,0.448910454012453
"312",312,22.5973642688751,5.20992646509424e-05,0.00117730606145787
"313",313,-27.3960689293428,0.243501075513589,-6.67097224913939
"314",314,-80.0381736984354,0.170089384671505,-13.6136437145979
"315",315,4.43759595895704,0.479166962817054,2.12634937786268
"316",316,114.597989525721,0.283103570630891,32.4431000218531
"317",317,31.0129313443717,0.0465100009119087,1.44241146510769
"318",318,-136.252981709777,0.365791844367649,-49.8402294802109
"319",319,-108.033009137068,0.184726536423621,-19.956563597312
"320",320,-63.1475311759884,0.636839975731984,-40.2148722216512
"321",321,72.7812778860075,0.0100975669163549,0.734913823711782
"322",322,92.7774702772318,0.0778471925491145,7.22246559289141
"323",323,79.0419186888217,0.0430286712241035,3.40106873218363
"324",324,92.5769573235041,0.0745117521319292,6.89807129721713
"325",325,5.19012414408632,0.0438347439706415,0.227507763031869
"326",326,48.1218990123932,2.35950361805048e-09,1.13543794827202e-07
"327",327,76.2542860032745,0.152606661445059,11.6369120078364
"328",328,-134.489754477744,0.547247675293754,-73.5992054887731
"329",329,156.203317563706,0.000819483274982388,0.12800600624022
"330",330,-93.1165562815192,0.407814989696985,-37.9743274405665
"331",331,58.3436978304159,4.60866615559521e-05,0.00268886625583311
"332",332,91.9457915373116,0.950161954502071,87.363392995332
"333",333,44.0637326001503,0.00128977821819885,0.0568324425202124
"334",334,26.7420174097755,0.0793400328233874,2.12171253905519
"335",335,-133.970582704729,0.00186176812630311,-0.249422160741919
"336",336,49.1025556329477,0.30480252567676,14.9665829741061
"337",337,51.4931389484566,2.28607224270531e-05,0.00117717035639834
"338",338,245.502250719454,0.908534473440826,223.047258085937
"339",339,31.2843733897015,0.207387426041331,6.4879856726061
"340",340,71.5248884416634,0.154358922820949,11.0405047347437
"341",341,-43.9538132670867,0.00445519312103457,-0.195822726510763
"342",342,-57.8143556720669,0.147469631363857,-8.52586171849862
"343",343,-4.23697823648643,0.0344825145466142,-0.146101663673331
"344",344,87.9678555867471,0.121636273544447,10.700082145268
"345",345,70.9817565444033,2.5547877145713e-05,0.00181343319578333
"346",346,-12.5725119582245,0.0211420688796959,-0.265808913811583
"347",347,28.7450349603445,0.164633752178255,4.73240296201663
"348",348,69.9637914895489,0.184271879215752,12.8923593348382
"349",349,-19.1052414974225,0.55098188129366,-10.5266419028196
"350",350,70.3276866625404,0.000353212152744025,0.0248405936035831
"351",351,147.608712539124,0.459677351285252,67.8523820066107
"352",352,-82.6175910551775,0.948110764819746,-78.3306274428893
"353",353,94.6176908004553,0.0420807197581347,3.9815805307358
"354",354,-4.73845648714328,0.125248646408826,-0.593485261081816
"355",355,141.156582277959,0.0788078486963402,11.1242465786539
"356",356,14.4541478109728,0.999811950546831,14.4514297163809
"357",357,37.2769401496152,0.421614380164537,15.7164940156106
"358",358,47.1694937641701,0.975359512256639,46.0072144312135
"359",359,-17.398885636536,0.16549969255592,-2.87951022366232
"360",360,86.7700548506014,1.93490330492324e-06,0.000167891665898799
"361",361,-66.4927331467589,0.94030938101445,-62.5237407471879
"362",362,72.3415106885043,0.677574638202327,49.0167729317731
"363",363,-60.5619121612627,0.208571660100338,-12.6314985583254
"364",364,60.854394547461,0.286889089429147,17.4584618394831
"365",365,-114.035780386346,0.0774238555622816,-8.82908978956452
"366",366,-4.34900547936028,1.02792560113566e-06,-4.4704540717137e-06
"367",367,-22.705078383373,0.0393500598751518,-0.893446193855742
"368",368,-125.891152602538,0.239842542643465,-30.1940541365092
"369",369,-29.7700144022841,0.386240539929834,-11.4983864364571
"370",370,51.0155621979752,0.923868248610763,47.1316580997368
"371",371,89.2725694251888,0.16385028530501,14.6273359702285
"372",372,62.379539317528,0.595700605423979,37.1595293375203
"373",373,64.6215997546804,4.64750911921169e-10,3.00329474157925e-08
"374",374,143.804873331813,0.000610092421003408,0.0877342633230942
"375",375,-63.1922712877424,0.00133190621849192,-0.0841661790887725
"376",376,81.9192692788384,0.104486167227821,8.55943046904961
"377",377,46.1204633931305,0.368675760020336,17.0034968939525
"378",378,111.713404108643,0.69276128187415,77.3907210328285
"379",379,-42.732618035399,0.931450419320722,-39.8033149877446
"380",380,-118.677706353278,5.98755243091298e-08,-7.10588989170747e-06
"381",381,-105.03903136629,0.337865042722092,-35.4890168200587
"382",382,75.4935208659384,0.000246265379744715,0.0185914405843159
"383",383,-60.0153646287746,0.00893296085358212,-0.536114902842301
"384",384,18.3637881670078,0.503765082552627,9.25103526193164
"385",385,-5.54342913333118,1.55829033062842e-05,-8.63827201699386e-05
"386",386,139.449644913939,5.1446084046352e-06,0.000717413815247645
"387",387,-9.61942796171829,5.06806504531747e-08,-4.8751886608734e-07
"388",388,78.666079762407,0.000438110820940875,0.0344644607849085
"389",389,149.872664005613,0.0180082832273716,2.69894938145378
"390",390,-20.4848485263979,0.153743033138624,-3.14940274583369
"391",391,-106.776484528584,0.00877440404961503,-0.936900018251264
"392",392,-82.6895595773381,0.000926488668228395,-0.0766109399292005
"393",393,-52.5721593663383,0.010525122776001,-0.553328431930201
"394",394,-41.534090715275,0.00113853344653371,-0.0472879514507058
"395",395,100.749967859601,0.00619718250335225,0.624365938032821
"396",396,-61.8507966109829,0.0696349761500099,-4.30697874686491
"397",397,-37.8565841720757,0.000736984284676278,-0.0278997076063445
"398",398,96.4520048868527,0.012829859741925,1.23746569452578
"399",399,67.078502403838,0.231920663170314,15.5568907619696
"400",400,-67.8981832225566,0.623747534128159,-42.3513243568516
"401",401,-51.2027874594245,0.0230407030841679,-1.17974822293436
"402",402,-103.69689229667,0.200373482491205,-20.7781074329992
"403",403,40.282645321919,0.00026264060140564,0.0105798581935589
"404",404,-58.5129152594825,0.00186431101114996,-0.109086272212738
"405",405,40.5276967889366,0.00104438925413077,0.0423266910210355
"406",406,97.4694318459418,0.320747544091018,31.2630808885327
"407",407,69.0188247021822,0.000476129748518368,0.0328619156484833
"408",408,101.215444926945,7.61775152349658e-15,7.71034109793619e-13
"409",409,-10.8519919393068,0.0200141788250533,-0.217193707281323
"410",410,-61.0643538025341,0.555126245823855,-33.8984254800604
"411",411,45.6154135357953,0.00292331296244052,0.133348129676275
"412",412,146.522416421806,5.20992646509424e-05,0.00763371015045526
"413",413,100.50423502659,0.243501075513589,24.4728893226452
"414",414,-7.14054025464692,0.170089384671505,-1.21453009813501
"415",415,-10.4182025709566,0.479166962817054,-4.9920584839381
"416",416,-16.9421344893769,0.283103570630891,-4.79637876805137
"417",417,-102.480319234108,0.0465100009119087,-4.76635974103106
"418",418,18.1195971445157,0.365791844367649,6.62800085869118
"419",419,-16.7749673451473,0.184726536423621,-3.09878161628841
"420",420,-2.11215622826323,0.636839975731984,-1.34510552114931
"421",421,-85.1209179735793,0.0100975669163549,-0.859514165219774
"422",422,42.880104818034,0.0778471925491145,3.33809577629571
"423",423,-16.9004694052062,0.0430286712241035,-0.727204741569638
"424",424,77.1312520686631,0.0745117521319292,5.74718473576558
"425",425,-20.8232409938392,0.0438347439706415,-0.912781437603908
"426",426,25.9611325608145,2.35950361805048e-09,6.12553862059299e-08
"427",427,-77.7545860562956,0.152606661445059,-11.8658677900938
"428",428,-8.29494708743094,0.547247675293754,-4.53939051028128
"429",429,19.1294939363277,0.000819483274982388,0.0156763003396976
"430",430,6.65942976157205,0.407814989696985,2.7158152796033
"431",431,30.9688446818281,4.60866615559521e-05,0.00142725066363026
"432",432,-27.7968170542651,0.950161954502071,-26.411478021217
"433",433,3.58063094360151,0.00128977821819885,0.00461821979846602
"434",434,-23.7156823218438,0.0793400328233874,-1.88160301384412
"435",435,-27.1784565218517,0.00186176812630311,-0.0505999840744984
"436",436,-98.662410518271,0.30480252567676,-30.0725519153263
"437",437,22.2981486143782,2.28607224270531e-05,0.000509751786110479
"438",438,68.4829467480998,0.908534473440826,62.219117963461
"439",439,-143.54197764719,0.207387426041331,-29.768801273133
"440",440,107.303192336339,0.154358922820949,16.5632051842864
"441",441,44.5974191592743,0.00445519312103457,0.198690115054294
"442",442,-51.2383841215844,0.147469631363857,-7.55610561808976
"443",443,-12.691668204785,0.0344825145466142,-0.4376406334923
"444",444,31.2941151018568,0.121636273544447,3.80649954486086
"445",445,-68.6707715862705,2.5547877145713e-05,-0.00175439243598736
"446",446,49.5896003795334,0.0211420688796959,1.04842674694069
"447",447,-10.4777671425943,0.164633752178255,-1.72499411913533
"448",448,220.597783476946,0.184271879215752,40.6499681121264
"449",449,77.5667368883877,0.55098188129366,42.7378666165742
"450",450,-24.5145223045815,0.000353212152744025,-0.00865882719669265
"451",451,-32.5601297515527,0.459677351285252,-14.9671542016979
"452",452,9.48277153655419,0.948110764819746,8.99071777413331
"453",453,8.78224678414031,0.0420807197581347,0.369563265770188
"454",454,47.9441593559341,0.125248646408826,6.0049410625398
"455",455,-45.4056816936484,0.0788078486963402,-3.57832409286723
"456",456,13.6748555335276,0.999811950546831,13.6722839844224
"457",457,135.794787050995,0.421614380164537,57.2530349720806
"458",458,-25.6590037539681,0.975359512256639,-25.0267533864616
"459",459,133.542718074198,0.16549969255592,22.1012787843617
"460",460,32.7686474864771,1.93490330492324e-06,6.34041643194492e-05
"461",461,55.5651463129777,0.94030938101445,52.2484283355334
"462",462,192.557450430124,0.677574638202327,130.472044808354
"463",463,-152.561278645349,0.208571660100338,-31.8199591540907
"464",464,-46.4751761122632,0.286889089429147,-13.3332209559064
"465",465,-23.4907276274158,0.0774238555622816,-1.81874270287794
"466",466,-15.4552815826137,1.02792560113566e-06,-1.58868796115291e-05
"467",467,7.49973669836702,0.0393500598751518,0.295115088128615
"468",468,14.5627677585531,0.239842542643465,3.49277124713765
"469",469,-41.6250784657971,0.386240539929834,-16.0772927812512
"470",470,9.5636422734035,0.923868248610763,8.83554543746915
"471",471,91.8030496405132,0.16385028530501,15.0419558754681
"472",472,-88.2491163714514,0.595700605423979,-52.5700520506048
"473",473,68.4675797973576,4.64750911921169e-10,3.18203701478574e-08
"474",474,-13.1302259509485,0.000610092421003408,-0.00801065133873595
"475",475,81.0605183090332,0.00133190621849192,0.107965008409979
"476",476,-4.24777682660865,0.104486167227821,-0.443833919851494
"477",477,-42.0861767219005,0.368675760020336,-15.5161531892968
"478",478,-83.8594965818404,0.69276128187415,-58.0946123493567
"479",479,135.547652643649,0.931450419320722,126.255917892866
"480",480,-128.238730988613,5.98755243091298e-08,-7.67836125468066e-06
"481",481,-19.6618610602223,0.337865042722092,-6.64305552710784
"482",482,-124.601644177672,0.000246265379744715,-0.0306850712202303
"483",483,13.8129705040614,0.00893296085358212,0.123390724784465
"484",484,75.9731695397693,0.503765082552627,38.2726300249866
"485",485,3.73492034214182,1.55829033062842e-05,5.82009025482699e-05
"486",486,21.4859996945624,5.1446084046352e-06,0.000110537054610635
"487",487,79.5666939526242,5.06806504531747e-08,4.03249180392768e-06
"488",488,16.6181188058747,0.000438110820940875,0.00728057767253476
"489",489,75.2501542996415,0.0180082832273716,1.35512609153136
"490",490,-1.52255030742389,0.153743033138624,-0.234081502369493
"491",491,-95.9292889507504,0.00877440404961503,-0.841722341446155
"492",492,33.414615084679,0.000926488668228395,0.0309582622291687
"493",493,-54.8147046956314,0.010525122776001,-0.576931496851759
"494",494,-12.1475913315404,0.00113853344653371,-0.0138304390257817
"495",495,70.642037782251,0.00619718250335225,0.437781600545314
"496",496,88.3830624808731,0.0696349761500099,6.15455244792043
"497",497,-3.03013903999032,0.000736984284676278,-0.00223316485285693
"498",498,103.742595393766,0.012829859741925,1.33100294816529
"499",499,-185.362537207516,0.231920663170314,-42.9894025560991
"500",500,-78.8315664868876,0.623747534128159,-49.1709952076562
"501",501,10.5766936715715,0.0230407030841679,0.243694458498877
"502",502,-15.5550169078456,0.200373482491205,-3.1168129080346
"503",503,-16.265662225933,0.00026264060140564,-0.00427202330928004
"504",504,37.1354149141773,0.00186431101114996,0.0692319629281232
"505",505,86.7448773284509,0.00104438925413077,0.090595417732726
"506",506,40.8481695765506,0.320747544091018,13.101950072292
"507",507,-95.3851079462009,0.000476129748518368,-0.045415687458822
"508",508,116.043804815457,7.61775152349658e-15,8.83992870925287e-13
"509",509,-19.0302479365211,0.0200141788250533,-0.380874785286635
"510",510,-116.382115506409,0.555126245823855,-64.6067668621111
"511",511,163.068110244346,0.00292331296244052,0.476699120437976
"512",512,46.1905571351066,5.20992646509424e-05,0.00240649406055639
"513",513,-88.1210697433325,0.243501075513589,-21.4575752579094
"514",514,51.5578543796812,0.170089384671505,8.76944372642303
"515",515,106.755367051731,0.479166962817054,51.1536449945977
"516",516,45.934587707552,0.283103570630891,13.0042457954658
"517",517,19.82459305328,0.0465100009119087,0.922041840986272
"518",518,64.9194440779554,0.365791844367649,23.7470031845978
"519",519,83.2866625705623,0.184726536423621,15.3852567069428
"520",520,7.29566764594859,0.636839975731984,4.64617280659452
"521",521,-91.7214650803778,0.0100975669163549,-0.926163631315224
"522",522,48.9916005141827,0.0778471925491145,3.81385855851688
"523",523,25.2685017920915,0.0430286712241035,1.08727005593758
"524",524,-34.9783588595402,0.0745117521319292,-2.60629880532373
"525",525,-59.2601613223467,0.0438347439706415,-2.59765399922398
"526",526,-39.992754174025,2.35950361805048e-09,-9.43630481694154e-08
"527",527,51.8486664222479,0.152606661445059,7.91245188307778
"528",528,95.0257291814087,0.547247675293754,52.0026093876197
"529",529,28.7835968278473,0.000819483274982388,0.023587676194257
"530",530,130.285193385368,0.407814989696985,53.1322547981235
"531",531,-18.0735796807636,4.60866615559521e-05,-0.000832950949851885
"532",532,-69.4518897840424,0.950161954502071,-65.9905433410681
"533",533,47.8720070101717,0.00128977821819885,0.0617442719031821
"534",534,28.6354833536268,0.0793400328233874,2.27194018919031
"535",535,-92.4481810803343,0.00186176812630311,-0.172117076870065
"536",536,-41.989797399229,0.30480252567676,-12.7985962999404
"537",537,-117.433137088389,2.28607224270531e-05,-0.00268460635071574
"538",538,-0.842962192418987,0.908534473440826,-0.765860211619909
"539",539,23.5510836348566,0.207387426041331,4.88419861551702
"540",540,125.939113051619,0.154358922820949,19.4398258316736
"541",541,-171.367118250461,0.00445519312103457,-0.763473606400972
"542",542,-11.734484369342,0.147469631363857,-1.73048008419181
"543",543,65.1629739817044,0.0344825145466142,2.24698319822476
"544",544,-98.1155275957856,0.121636273544447,-11.9344071535987
"545",545,-151.07146619113,2.5547877145713e-05,-0.00385955525847372
"546",546,169.218365829297,0.0211420688796959,3.57762634607258
"547",547,139.346389374046,0.164633752178255,22.9411189351413
"548",548,-59.2263109836246,0.184271879215752,-10.913743623969
"549",549,95.9880637540824,0.55098188129366,52.8876839489601
"550",550,-30.8377372447036,0.000353212152744025,-0.0108922635579564
"551",551,16.5218828679281,0.459677351285252,7.59473535497437
"552",552,47.946586969393,0.948110764819746,45.4586752420477
"553",553,47.6387907202028,0.0420807197581347,2.00467460191328
"554",554,58.9263067427649,0.125248646408826,7.38044015740258
"555",555,-48.9514475560291,0.0788078486963402,-3.85775827246237
"556",556,117.344202886089,0.999811950546831,117.322136372904
"557",557,-127.132261809425,0.421614380164537,-53.6007897616964
"558",558,-34.4762081032056,0.975359512256639,-33.626697520001
"559",559,-47.6734868767787,0.16549969255592,-7.88994742117556
"560",560,-74.9591777883918,1.93490330492324e-06,-0.000145038760837088
"561",561,76.9982390455173,0.94030938101445,72.402166496093
"562",562,187.598051401274,0.677574638202327,127.11168180568
"563",563,40.4920281032163,0.208571660100338,8.44548952231736
"564",564,-188.719610599372,0.286889089429147,-54.141597242277
"565",565,44.7204472489694,0.0774238555622816,3.46242944848484
"566",566,-19.8986676229268,1.02792560113566e-06,-2.04543498780957e-05
"567",567,-163.106389524524,0.0393500598751518,-6.41824619380985
"568",568,64.1246673743298,0.239842542643465,15.3798232692257
"569",569,-16.1727256035225,0.386240539929834,-6.24656226924158
"570",570,-66.044875304761,0.923868248610763,-61.0167632775258
"571",571,-28.3481106838755,0.16385028530501,-4.644846023411
"572",572,-92.7372167995031,0.595700605423979,-55.2436161927988
"573",573,77.7153269591733,4.64750911921169e-10,3.61182690745276e-08
"574",574,-123.952713497859,0.000610092421003408,-0.0756226110678506
"575",575,-13.0561366374577,0.00133190621849192,-0.0173895495769101
"576",576,-85.9491901630458,0.104486167227821,-8.98050145647179
"577",577,27.090392252412,0.368675760020336,9.98757095290702
"578",578,129.130053094548,0.69276128187415,89.4563011102561
"579",579,58.1046043548375,0.931450419320722,54.121558090778
"580",580,-117.455893097675,5.98755243091298e-08,-7.03273318242039e-06
"581",581,-29.0452661005056,0.337865042722092,-9.81338007192186
"582",582,109.54843747644,0.000246265379744715,0.0269779875555757
"583",583,90.7360604464573,0.00893296085358212,0.810541675976464
"584",584,11.2204855582046,0.503765082552627,5.6524888335095
"585",585,-59.897925994308,1.55829033062842e-05,-0.000933383589016268
"586",586,125.936147039558,5.1446084046352e-06,0.000647892160507084
"587",587,-71.3169337372371,5.06806504531747e-08,-3.61438859012914e-06
"588",588,-71.185951058818,0.000438110820940875,-0.0311873354578357
"589",589,-13.7633472870258,0.0180082832273716,-0.247854256101437
"590",590,-74.455459545285,0.153743033138624,-11.4470081842222
"591",591,115.111099954036,0.00877440404961503,1.01003130159233
"592",592,90.2516999683537,0.000926488668228395,0.0836171773090287
"593",593,113.38529536893,0.010525122776001,1.19339415475113
"594",594,61.6553278801337,0.00113853344653371,0.0701966529485346
"595",595,48.4286801016109,0.00619718250335225,0.300121368986146
"596",596,58.7255358788203,0.0696349761500099,4.0893512903182
"597",597,-70.419091024084,0.000736984284676278,-0.0518977634259382
"598",598,26.4562799031948,0.012829859741925,0.339430360451098
"599",599,-33.5713814369398,0.231920663170314,-7.78589704639865
"600",600,-24.8527567199652,0.623747534128159,-15.5018457203653
"601",601,120.699293337292,0.0230407030841679,2.78099658025343
"602",602,16.6841485197817,0.200373482491205,3.34306094130914
"603",603,74.9119580609406,0.00026264060140564,0.0196749217175995
"604",604,59.5155012525041,0.00186431101114996,0.110955404319153
"605",605,-33.8587938657256,0.00104438925413077,-0.0353617604711927
"606",606,130.235283949653,0.320747544091018,41.7726474808476
"607",607,79.7779132263378,0.000476129748518368,0.0379846377617764
"608",608,58.8050217932543,7.61775152349658e-15,4.47962044354812e-13
"609",609,-112.59680215497,0.0200141788250533,-2.25353253345872
"610",610,16.5575782230928,0.555126245823855,9.19154623892032
"611",611,-18.092075346967,0.00292331296244052,-0.0528887983792392
"612",612,20.3143576524469,5.20992646509424e-05,0.00105836309554873
"613",613,82.9927931020074,0.243501075513589,20.2088343802156
"614",614,-38.2069196327945,0.170089384671505,-6.49859145053566
"615",615,-1.13427130633874,0.479166962817054,-0.543505336868866
"616",616,-46.3644975421141,0.283103570630891,-13.1259548046797
"617",617,-80.9041310559933,0.0465100009119087,-3.76285120919143
"618",618,81.7138892463993,0.365791844367649,29.8902742578942
"619",619,6.84969471146254,0.184726536423621,1.26532037960767
"620",620,-48.9761739768834,0.636839975731984,-31.1899854468839
"621",621,170.514058120236,0.0100975669163549,1.72177711204831
"622",622,145.8296840455,0.0778471925491145,11.3524314932666
"623",623,77.9599725745203,0.0430286712241035,3.35451402854916
"624",624,-171.617266686405,0.0745117521319292,-12.7875032368966
"625",625,-66.3002991137417,0.0438347439706415,-2.90625663682782
"626",626,-60.4225079172412,2.35950361805048e-09,-1.42567126042414e-07
"627",627,44.2267301011167,0.152606661445059,6.74929362736312
"628",628,99.4724851909456,0.547247675293754,54.4360862764374
"629",629,-102.409302039545,0.000819483274982388,-0.0839227102240269
"630",630,217.113992029783,0.407814989696985,88.5423404226972
"631",631,34.7612409708838,4.60866615559521e-05,0.00160202954789002
"632",632,59.9585896744638,0.950161954502071,56.9703707542762
"633",633,-144.211323727348,0.00128977821819885,-0.186000624161156
"634",634,26.6644259456224,0.0793400328233874,2.11555642974246
"635",635,70.9422622369595,0.00186176812630311,0.132078042640608
"636",636,68.294640832383,0.30480252567676,20.8163790158975
"637",637,-88.0444495385894,2.28607224270531e-05,-0.00201275972214438
"638",638,-116.75230397818,0.908534473440826,-106.073493017819
"639",639,-58.8861945672261,0.207387426041331,-12.212256320666
"640",640,-70.1693221062924,0.154358922820949,-10.8312609754035
"641",641,36.9021330756673,0.00445519312103457,0.164406129430215
"642",642,184.161985164098,0.147469631363857,27.1583000633856
"643",643,-82.6586498177187,0.0344825145466142,-2.85027809474297
"644",644,-76.0624085423056,0.121636273544447,-9.25194793190137
"645",645,-75.5420607718655,2.5547877145713e-05,-0.00192993928793361
"646",646,-69.1100076882192,0.0211420688796959,-1.46112854282064
"647",647,-19.6689435739189,0.164633752178255,-3.23817198195664
"648",648,-44.7372795230886,0.184271879215752,-8.24382256871992
"649",649,-45.0045847495322,0.55098188129366,-24.7967107721372
"650",650,30.1830836439106,0.000353212152744025,0.0106610319503186
"651",651,90.6399631415383,0.459677351285252,41.6651381774952
"652",652,-55.6103858830483,0.948110764819746,-52.7248054914981
"653",653,-86.3625099679361,0.0420807197581347,-3.63419657956983
"654",654,-44.0757350224278,0.125248646408826,-5.52042615103317
"655",655,-61.9432674690243,0.0788078486963402,-4.8816156504558
"656",656,-68.2869597049676,0.999811950546831,-68.2741183795365
"657",657,133.556499209782,0.421614380164537,56.3093406312777
"658",658,122.089286252052,0.975359512256639,119.080946690563
"659",659,-47.8966066575956,0.16549969255592,-7.9268736763039
"660",660,10.8303205199033,1.93490330492324e-06,2.09556229673389e-05
"661",661,38.188027962785,0.94030938101445,35.9085609358489
"662",662,-39.2888678337266,0.677574638202327,-26.6211404078163
"663",663,-3.72069289614879,0.208571660100338,-0.776031094073288
"664",664,204.175822543046,0.286889089429147,58.5758158128216
"665",665,-26.3512653521536,0.0774238555622816,-2.0402165625085
"666",666,-69.3504517607445,1.02792560113566e-06,-7.12871048151929e-05
"667",667,-61.3197456961757,0.0393500598751518,-2.4129356646736
"668",668,-59.5699424045799,0.239842542643465,-14.2874064514392
"669",669,33.5457478684713,0.386240539929834,12.9567277690684
"670",670,93.0124517170802,0.923868248610763,85.931250866852
"671",671,-21.2724143132337,0.16385028530501,-3.48549115434972
"672",672,60.6042508948396,0.595700605423979,36.1019889493227
"673",673,89.2819359396318,4.64750911921169e-10,4.14938611460313e-08
"674",674,-17.6668701940209,0.000610092421003408,-0.0107784236082232
"675",675,220.917392852081,0.00133190621849192,0.294241249312709
"676",676,93.2988751857891,0.104486167227821,9.74844187482996
"677",677,-18.9801543777293,0.368675760020336,-6.99752284051266
"678",678,78.3205298269965,0.69276128187415,54.2574306400127
"679",679,-131.610699444104,0.931450419320722,-122.588841184304
"680",680,47.1725509516868,5.98755243091298e-08,2.82448122123139e-06
"681",681,-95.0988368442616,0.337865042722092,-32.1305725732077
"682",682,42.1627299064621,0.000246265379744715,0.0103832206914887
"683",683,70.3520524743905,0.00893296085358212,0.628452130722886
"684",684,11.7290295594212,0.503765082552627,5.90867554426402
"685",685,-28.7637660952059,1.55829033062842e-05,-0.000448222985786169
"686",686,70.6766696382469,5.1446084046352e-06,0.00036360378863255
"687",687,41.4254284408413,5.06806504531747e-08,2.09946765868328e-06
"688",688,57.0061083129091,0.000438110820940875,0.024974992911613
"689",689,-105.299019588817,0.0180082832273716,-1.89625456831997
"690",690,176.311367677888,0.153743033138624,27.1066444436177
"691",691,-19.671897073449,0.00877440404961503,-0.172609173344881
"692",692,-19.8688735264878,0.000926488668228395,-0.0184082861727541
"693",693,-83.7988260105511,0.010525122776001,-0.881992932245796
"694",694,64.0032538719334,0.00113853344653371,0.0728698452201843
"695",695,4.68640026355486,0.00619718250335225,0.0290424777170076
"696",696,-17.5413454382365,0.0696349761500099,-1.22149117123068
"697",697,-43.5383649829108,0.000736984284676278,-0.0320870907729052
"698",698,50.4535694483514,0.012829859741925,0.647312219501821
"699",699,16.2464986554949,0.231920663170314,3.76789874237799
"700",700,36.8186702235317,0.623747534128159,22.9655547618058
"701",701,44.6625540073613,0.0230407030841679,1.02905664586422
"702",702,0.610883242039202,0.200373482491205,0.122404802602913
"703",703,-50.5727555507622,0.00026264060140564,-0.0132824589325926
"704",704,28.2790110714057,0.00186431101114996,0.0527208717248533
"705",705,44.6164699221626,0.00104438925413077,0.0465969617439553
"706",706,-75.9358645296934,0.320747544091018,-24.3562420563274
"707",707,68.3422230464505,0.000476129748518368,0.0325397654722927
"708",708,0.663637699027946,7.61775152349658e-15,5.0554270928199e-15
"709",709,70.3586330513885,0.0200141788250533,1.40817026377679
"710",710,-154.968127210223,0.555126245823855,-86.0268746805647
"711",711,-89.2805602663349,0.00292331296244052,-0.260995019120529
"712",712,47.5676230435415,5.20992646509424e-05,0.00247823818176173
"713",713,-163.391614699122,0.243501075513589,-39.7860339091381
"714",714,-68.413577554839,0.170089384671505,-11.6364233094789
"715",715,-14.3450438118413,0.479166962817054,-6.87367107479757
"716",716,-101.728580147431,0.283103570630891,-28.7997242749485
"717",717,37.1648450632311,0.0465100009119087,1.72853697778182
"718",718,178.374926680954,0.365791844367649,65.2480934195703
"719",719,89.9587876473428,0.184726536423621,16.6177752629617
"720",720,-6.60789520222723,0.636839975731984,-4.20817182022588
"721",721,58.0703219276041,0.0100975669163549,0.586368961518254
"722",722,-14.6569346475283,0.0778471925491145,-1.14100121368592
"723",723,2.96280745998928,0.0430286712241035,0.1274856680962
"724",724,-45.6348769515493,0.0745117521319292,-3.40033463998493
"725",725,93.1267321413852,0.0438347439706415,4.08218646024013
"726",726,23.6690381127562,2.35950361805048e-09,5.5847181062823e-08
"727",727,-13.8833840608903,0.152606661445059,-2.11869689109201
"728",728,-101.336852162263,0.547247675293754,-55.4563567673853
"729",729,13.0920548153736,0.000819483274982388,0.0107287199563513
"730",730,-49.3775300156536,0.407814989696985,-20.1368968945963
"731",731,-93.2972383718392,4.60866615559521e-05,-0.00429975824894794
"732",732,-35.0873769641099,0.950161954502071,-33.3386906745696
"733",733,-43.6313869058424,0.00128977821819885,-0.056274812460962
"734",734,-23.3159390786006,0.0793400328233874,-1.84988737180427
"735",735,-26.9043980780147,0.00186176812630311,-0.0500897507990184
"736",736,-47.5059896238529,0.30480252567676,-14.4799456221243
"737",737,-118.39732837041,2.28607224270531e-05,-0.0027066484599806
"738",738,128.846746008673,0.908534473440826,117.061710539554
"739",739,-16.108568996728,0.207387426041331,-3.34071466144061
"740",740,67.0517623282802,0.154358922820949,10.3500378062396
"741",741,29.6931250713898,0.00445519312103457,0.132288606560075
"742",742,-50.5736562734252,0.147469631363857,-7.45807844736443
"743",743,7.89454341974201,0.0344825145466142,0.272223708310131
"744",744,105.463187290263,0.121636273544447,12.8281490981077
"745",745,112.771316685244,2.5547877145713e-05,0.00288106774423491
"746",746,33.4964663321424,0.0211420688796959,0.708184598420569
"747",747,28.1924141403586,0.164633752178255,4.64142292289053
"748",748,-132.802110545914,0.184271879215752,-24.4716944741136
"749",749,-25.8555194130544,0.55098188129366,-14.2459227280295
"750",750,1.72185154797619,0.000353212152744025,0.000608178891966302
"751",751,-22.5700078967493,0.459677351285252,-10.3749214484649
"752",752,-74.2467998998368,0.948110764819746,-70.3941902384529
"753",753,52.6708808186136,0.0420807197581347,2.21642857514219
"754",754,-8.57293239355584,0.125248646408826,-1.07374817804725
"755",755,33.2291664219097,0.0788078486963402,2.61871911968337
"756",756,41.731150702027,0.999811950546831,41.7233031819574
"757",757,114.902736433423,0.421614380164537,48.4446460005868
"758",758,-16.7379259978708,0.975359512256639,-16.325495337471
"759",759,-12.0768395778703,0.16549969255592,-1.9987132371847
"760",760,33.8820396603376,1.93490330492324e-06,6.55584705163275e-05
"761",761,-145.994404035571,0.94030938101445,-137.279907690261
"762",762,149.511204222854,0.677574638202327,101.305000108495
"763",763,122.554617655999,0.208571660100338,25.5614200574739
"764",764,-9.89966563727369,0.286889089429147,-2.84010606033047
"765",765,52.2040442182751,0.0774238555622816,4.04183837932269
"766",766,43.5965226612723,1.02792560113566e-06,4.48139817640128e-05
"767",767,106.856093010699,0.0393500598751518,4.2047936579958
"768",768,-5.96609723933099,0.239842542643465,-1.4309239315393
"769",769,14.9781210837347,0.386240539929834,5.78515757451612
"770",770,-132.85345562826,0.923868248610763,-122.739089373168
"771",771,49.927397502669,0.16385028530501,8.18061832534896
"772",772,-83.8227846508986,0.595700605423979,-49.9332835648641
"773",773,35.4490136031952,4.64750911921169e-10,1.64749613987909e-08
"774",774,-68.9350875413708,0.000610092421003408,-0.0420567744501968
"775",775,32.8272578429114,0.00133190621849192,0.0437228288570113
"776",776,-59.6155347775477,0.104486167227821,-6.22899873614283
"777",777,-91.9357627759059,0.368675760020336,-33.8944872144564
"778",778,-34.8652861418559,0.69276128187415,-24.1533203205411
"779",779,11.1553747321813,0.931450419320722,10.3906784719701
"780",780,140.909790740102,5.98755243091298e-08,8.43704760085337e-06
"781",781,-140.991975101892,0.337865042722092,-47.6362596912729
"782",782,25.2636507665311,0.000246265379744715,0.00622156254975764
"783",783,91.2993935894714,0.00893296085358212,0.815573908890534
"784",784,178.008111115192,0.503765082552627,89.6742707909819
"785",785,93.4005778497408,1.55829033062842e-05,0.00145545217338358
"786",786,166.07920693399,5.1446084046352e-06,0.000854412483827754
"787",787,55.5930003785525,5.06806504531747e-08,2.81748941982863e-06
"788",788,-87.7321626794269,0.000438110820940875,-0.0384364098144021
"789",789,-9.56692323746179,0.0180082832273716,-0.172283863274735
"790",790,62.8249164657663,0.153743033138624,9.65889321412759
"791",791,-25.772005792646,0.00877440404961503,-0.226133991993695
"792",792,-12.8541139709608,0.000926488668228395,-0.0119091909342115
"793",793,-83.3941575313617,0.010525122776001,-0.87773374681875
"794",794,-78.4076623808208,0.00113853344653371,-0.0892697460850874
"795",795,90.8322562613619,0.00619718250335225,0.56290406924292
"796",796,23.663474755416,0.0696349761500099,1.64780550021975
"797",797,-35.3834322080408,0.000736984284676278,-0.0260770334752345
"798",798,-25.253227540648,0.012829859741925,-0.323995367377431
"799",799,-19.2381027339464,0.231920663170314,-4.46171354419548
"800",800,-12.3507793349767,0.623747534128159,-7.70376815475274
"801",801,-18.4439655968842,0.0230407030841679,-0.424961935012416
"802",802,-27.6568478655174,0.200373482491205,-5.54169892154317
"803",803,-8.36273949777815,0.00026264060140564,-0.00219639493109515
"804",804,-23.1552412255513,0.00186431101114996,-0.0431685711826288
"805",805,121.458966812546,0.00104438925413077,0.126850439756849
"806",806,22.9874605410331,0.320747544091018,7.37317151342555
"807",807,35.9686361857593,0.000476129748518368,0.0171257377016742
"808",808,-115.713700529931,7.61775152349658e-15,-8.81478218501309e-13
"809",809,118.860927316054,0.0200141788250533,2.37890385461517
"810",810,80.2887786337196,0.555126245823855,44.5704082647193
"811",811,96.6328304817357,0.00292331296244052,0.282488005944575
"812",812,-116.883669270599,5.20992646509424e-05,-0.00608955321870216
"813",813,20.4566156186623,0.243501075513589,4.98120790451235
"814",814,-60.5044490079328,0.170089384671505,-10.2911645016477
"815",815,52.4517450426197,0.479166962817054,25.1331433665266
"816",816,4.41393688623939,0.283103570630891,1.24960129303377
"817",817,40.0337424345465,0.0465100009119087,1.86196939713788
"818",818,-17.6736177227659,0.365791844367649,-6.46486522345931
"819",819,41.7063450999929,0.184726536423621,7.70426867720995
"820",820,-88.1533300020358,0.636839975731984,-56.1395645391901
"821",821,98.403898059471,0.0100975669163549,0.993639945485675
"822",822,57.8621626106104,0.0778471925491145,4.50440691405636
"823",823,44.0523611487585,0.0430286712241035,1.8955145645154
"824",824,78.457093476404,0.0745117521319292,5.84597550210541
"825",825,121.726348267308,0.0438347439706415,5.33584331077859
"826",826,-1.26330353457801,2.35950361805048e-09,-2.98076926053277e-09
"827",827,-40.3948165986915,0.152606661445059,-6.16451810081176
"828",828,147.744923695732,0.547247675293754,80.8530660289424
"829",829,59.1754843200825,0.000819483274982388,0.0484933196892902
"830",830,110.991818254667,0.407814989696985,45.2641272179767
"831",831,-29.2865025154383,4.60866615559521e-05,-0.00134971712958654
"832",832,-50.5976285442784,0.950161954502071,-48.0759416308013
"833",833,59.8534256825807,0.00128977821819885,0.0771976447299762
"834",834,-30.6726378126297,0.0793400328233874,-2.43356809083391
"835",835,83.5972089386853,0.00186176812630311,0.155638619049946
"836",836,-14.861078081127,0.30480252567676,-4.52969413340705
"837",837,43.3453743826066,2.28607224270531e-05,0.000990906572257468
"838",838,80.3821161703526,0.908534473440826,73.0299235888906
"839",839,100.578030512038,0.207387426041331,20.858618864198
"840",840,-85.1020422410751,0.154358922820949,-13.1362595701953
"841",841,-25.8921868914868,0.00445519312103457,-0.115354692927493
"842",842,-141.18295969826,0.147469631363857,-20.8201990215607
"843",843,-39.5353738625943,0.0344825145466142,-1.36327910432274
"844",844,78.6350497983123,0.121636273544447,9.56487442744873
"845",845,98.0808454597717,2.5547877145713e-05,0.00250575739015391
"846",846,-104.895672233818,0.0211420688796959,-2.21771152754939
"847",847,143.344783707694,0.164633752178255,23.5993895969781
"848",848,108.218044686297,0.184271879215752,19.9415424593982
"849",849,-100.706374613301,0.55098188129366,-55.4873877427007
"850",850,111.653561470188,0.000353212152744025,0.0394373948084224
"851",851,-17.9894496023303,0.459677351285252,-8.26934254427872
"852",852,-18.1376852103923,0.948110764819746,-17.1965345968848
"853",853,-86.9234280991926,0.0420807197581347,-3.6578004182585
"854",854,29.1628460171009,0.125248646408826,3.65260698907091
"855",855,71.6330081650533,0.0788078486963402,5.64524326913522
"856",856,12.6530870035653,0.999811950546831,12.6507075974734
"857",857,13.0757283278729,0.421614380164537,5.51291509415601
"858",858,153.372302566535,0.975359512256639,149.593134224973
"859",859,-50.2064198241445,0.16549969255592,-8.30914704522936
"860",860,60.5364355370368,1.93490330492324e-06,0.000117132149188885
"861",861,-51.8444738184079,0.94030938101445,-48.749845085207
"862",862,-129.042257123159,0.677574638202327,-87.4357606830361
"863",863,165.46001642481,0.208571660100338,34.5102703059518
"864",864,57.0526275537554,0.286889089429147,16.3677763684371
"865",865,-18.494527599422,0.0774238555622816,-1.43191763355028
"866",866,-21.4406815611785,1.02792560113566e-06,-2.20394254825327e-05
"867",867,-45.6452014118444,0.0393500598751518,-1.79614140856944
"868",868,-44.4732418989796,0.239842542643465,-10.6665754166491
"869",869,-36.0468697920597,0.386240539929834,-13.9227624512656
"870",870,175.450299218095,0.923868248610763,162.092960656856
"871",871,-2.71231136554927,0.16385028530501,-0.444412991081269
"872",872,80.4065668634254,0.595700605423979,47.8982405606062
"873",873,-76.5456834949688,4.64750911921169e-10,-3.55746762079159e-08
"874",874,116.372355453854,0.000610092421003408,0.0709978920767109
"875",875,136.882342334042,0.00133190621849192,0.18231444295645
"876",876,-39.4580143009593,0.104486167227821,-4.12281668072779
"877",877,-25.8120280211531,0.368675760020336,-9.51626904836483
"878",878,-77.30083077216,0.69276128187415,-53.5510226156583
"879",879,-46.8586667898705,0.931450419320722,-43.6465248302349
"880",880,101.528097583702,5.98755243091298e-08,6.07904807493265e-06
"881",881,157.026359738877,0.337865042722092,53.0537177416703
"882",882,-62.2251244604306,0.000246265379744715,-0.0153238939049101
"883",883,-66.1508625185614,0.00893296085358212,-0.590923065309002
"884",884,-4.61078855499584,0.503765082552627,-2.32275427704019
"885",885,28.1656628613692,1.55829033062842e-05,0.000438902800926116
"886",886,42.9455582839988,5.1446084046352e-06,0.000220938080089611
"887",887,-37.3336351227366,5.06806504531747e-08,-1.89209291180178e-06
"888",888,90.8550874469799,0.000438110820940875,0.0398045969480513
"889",889,25.3275522538254,0.0180082832273716,0.456105734442942
"890",890,232.761448421878,0.153743033138624,35.7854510781189
"891",891,30.4057796588831,0.00877440404961503,0.266792596170606
"892",892,144.331244538456,0.000926488668228395,0.133721262536181
"893",893,84.7539972237502,0.010525122776001,0.892046226536819
"894",894,153.847095287757,0.00113853344653371,0.17516006363717
"895",895,65.4316428514626,0.00619718250335225,0.405491832244677
"896",896,-2.90166843091185,0.0696349761500099,-0.202057611981783
"897",897,5.67622602704704,0.000736984284676278,0.00418328937820413
"898",898,-193.106232113292,0.012829859741925,-2.47752587330515
"899",899,73.7101013610416,0.231920663170314,17.0948955900038
"900",900,14.3163685685648,0.623747534128159,8.92979959231218
"901",901,-50.5026944686904,0.0230407030841679,-1.16361758820354
"902",902,41.8027116367188,0.200373482491205,8.37615490822497
"903",903,70.4009740478254,0.00026264060140564,0.0184901541634637
"904",904,55.523356897647,0.00186431101114996,0.103512805640292
"905",905,23.5392456192045,0.00104438925413077,0.024584135175042
"906",906,-37.6942932770197,0.320747544091018,-12.0903519948506
"907",907,39.7712630563909,0.000476129748518368,0.0189362814772973
"908",908,-59.8806289732545,7.61775152349658e-15,-4.56155752588943e-13
"909",909,-108.216077233692,0.0200141788250533,-2.16585592150089
"910",910,39.8228635110969,0.555126245823855,22.106716718871
"911",911,6.28188206057303,0.00292331296244052,0.0183639072561957
"912",912,-47.943112430276,5.20992646509424e-05,-0.00249780090269484
"913",913,80.566759984692,0.243501075513589,19.6180927069177
"914",914,46.5347142575908,0.170089384671505,7.91506091393793
"915",915,-47.1498782820946,0.479166962817054,-22.592663973625
"916",916,-10.9923954275896,0.283103570630891,-3.1119863953373
"917",917,-115.689281512368,0.0465100009119087,-5.3807085886383
"918",918,63.9586639326047,0.365791844367649,23.3955576431981
"919",919,-53.7062230129444,0.184726536423621,-9.92096456157579
"920",920,-36.5943496318519,0.636839975731984,-23.3047447314763
"921",921,-11.0054876077451,0.0100975669163549,-0.111128647566321
"922",922,183.341603098506,0.0778471925491145,14.2726290786727
"923",923,-106.631543180833,0.0430286712241035,-4.58821361364686
"924",924,20.540291077386,0.0745117521319292,1.53049307747586
"925",925,82.856939140913,0.0438347439706415,3.63201271343295
"926",926,-73.5955406434992,2.35950361805048e-09,-1.73648944420718e-07
"927",927,-3.37890929747703,0.152606661445059,-0.515644067213639
"928",928,20.5999623488657,0.547247675293754,11.2732815065556
"929",929,92.5645911848601,0.000819483274982388,0.075855134331575
"930",930,-9.02023532005863,0.407814989696985,-3.67858717411409
"931",931,75.3018291102607,4.60866615559521e-05,0.00347040991274873
"932",932,-19.4896188508385,0.950161954502071,-18.5182943398131
"933",933,-90.1121612086564,0.00128977821819885,-0.116224702721748
"934",934,6.64564870606551,0.0793400328233874,0.52726598647194
"935",935,-51.6299695602964,0.00186176812630311,-0.0961230316893596
"936",936,-47.2993685202591,0.30480252567676,-14.4169669878908
"937",937,119.363829248059,2.28607224270531e-05,0.00272874336827004
"938",938,51.4621716860137,0.908534473440826,46.7551570548738
"939",939,24.6588396541267,0.207387426041331,5.11393328503524
"940",940,-114.042713747726,0.154358922820949,-17.6035104496768
"941",941,48.6099392434625,0.00445519312103457,0.216566666931383
"942",942,-43.7326887173123,0.147469631363857,-6.44924348369235
"943",943,-36.4914477708433,0.0344825145466142,-1.25831687858512
"944",944,41.1517308454508,0.121636273544447,5.00554318994471
"945",945,-73.4361368115438,2.5547877145713e-05,-0.00187613740131709
"946",946,16.8411239005446,0.0211420688796959,0.356056201516807
"947",947,30.3016238510037,0.164633752178255,4.98867003168484
"948",948,113.85083111132,0.184271879215752,20.9795065991581
"949",949,44.2943013123344,0.55098188129366,24.4053574676582
"950",950,-10.1371294597011,0.000353212152744025,-0.0035805573191059
"951",951,-31.4743537867836,0.459677351285252,-14.4680475821236
"952",952,-17.1320404508402,0.948110764819746,-16.2430719747689
"953",953,-91.7060843702817,0.0420807197581347,-3.85905803650168
"954",954,-6.41902945639879,0.125248646408826,-0.803974750672331
"955",955,77.7145436337614,0.0788078486963402,6.1245159961946
"956",956,7.23190157189288,0.999811950546831,7.23054161675691
"957",957,100.467656316135,0.421614380164537,42.358608644311
"958",958,-27.4362533478913,0.975359512256639,-26.7602106835488
"959",959,84.5822896650714,0.16549969255592,13.9983429352451
"960",960,3.08752664018394,1.93490330492324e-06,5.97406550013045e-06
"961",961,24.4415199869486,0.94030938101445,22.9825905299799
"962",962,63.4629593107567,0.677574638202327,43.000891694235
"963",963,55.7164141488802,0.208571660100338,11.6208649938699
"964",964,47.3363448086151,0.286889089429147,13.5802808590477
"965",965,134.081781459641,0.0774238555622816,10.3811284812647
"966",966,35.8651459947179,1.02792560113566e-06,3.68667017564386e-05
"967",967,106.108602693514,0.0393500598751518,4.17537986925847
"968",968,-40.4537198706209,0.239842542643465,-9.70252303315618
"969",969,-106.395176969938,0.386240539929834,-41.0941305987991
"970",970,13.8263737950675,0.923868248610763,12.7737477426868
"971",971,144.187233754203,0.16385028530501,23.6251193879663
"972",972,70.7545342551423,0.595700605423979,42.1485188922799
"973",973,-71.060144517028,4.64750911921169e-10,-3.30252669655388e-08
"974",974,76.2790827968057,0.000610092421003408,0.0465372902954226
"975",975,147.356682674626,0.00133190621849192,0.196265281990675
"976",976,97.7853388879007,0.104486167227821,10.2172152714703
"977",977,5.9552700446325,0.368675760020336,2.19556370983123
"978",978,-111.185791739106,0.69276128187415,-77.0252116113753
"979",979,67.7629008561251,0.931450419320722,63.1177824168262
"980",980,39.9030681761695,5.98755243091298e-08,2.3892171285911e-06
"981",981,-205.18505918051,0.337865042722092,-69.324858785958
"982",982,-3.66038932492061,0.000246265379744715,-0.000901427167115075
"983",983,-11.4441702473326,0.00893296085358212,-0.102230324821151
"984",984,84.4805832682295,0.503765082552627,42.5583680042137
"985",985,105.022313729986,1.55829033062842e-05,0.00163655255985662
"986",986,15.4553378622519,5.1446084046352e-06,7.95116610626178e-05
"987",987,-12.7099679777152,5.06806504531747e-08,-6.44149444349628e-07
"988",988,-12.1348266717243,0.000438110820940875,-0.00531639887512436
"989",989,-147.815555455785,0.0180082832273716,-2.66190438805903
"990",990,-39.9998367582899,0.153743033138624,-6.14969622826932
"991",991,-56.9038663607793,0.00877440404961503,-0.499297515434774
"992",992,4.33830819297558,0.000926488668228395,0.00401939338007428
"993",993,100.904522483033,0.010525122776001,1.06203248778768
"994",994,75.1861266093743,0.00113853344653371,0.0856019198600908
"995",995,75.6958478764221,0.00619718250335225,0.469100984036177
"996",996,-51.0931704757854,0.0696349761500099,-3.55787170750971
"997",997,60.4685868959935,0.000736984284676278,0.0445643982589291
"998",998,17.8296502210918,0.012829859741925,0.22875191158419
"999",999,71.9491425605249,0.231920663170314,16.6864928571724
"1000",1000,56.4985614758895,0.623747534128159,35.2408384023743
